innercontestid,levelid,question,A,B,C,D,answer,marks,fifty_I,fifty_II
1,1,what is your name.?,Anurag,Aman,Rohit,Ashutosh,A,10,A,D
1,1,What is the national language of India?,English,Sanskrit,Urdu,Hindi,D,10,D,C
1,1,What is the national flower of India?,Rose,Lotus,Lilly,Daisy,B,10,B,D
1,1,What is the national sport of India?,Hockey,cricket,Golf,Tennis,A,10,A,D
1,1,2*2 equel to .?,5,9,4,11,C,10,C,A
1,2,2*2+1,5,7,55,12,A,10,A,B
1,2,what is noun.?,she,he,it,Ram,D,15,D,B
1,2,6*6+3-1,66,78,38,13,C,15,C,A
1,2,who is national father of india.?,bhagat singh ji,Gandhi ji,Godse ji,Nehru ji,B,15,B,C
1,2,how many alphabets in english.?,26,55,52,25,A,15,C,A
1,3,What is the capital of India?,Lucknow,Ayodhya,New Delhi,Bangalore,C,15,D,C
1,3,Who is the current Prime Minister of India?,Manmohan Singh,Aditya nath Yogi,Chetan Bhagat,Narendra Modi,D,20,D,A
1,3,What symbol represents Bitcoin currency?,$,?,#,A,B,20,B,A
1,3,What is the currency of India?,Doller,EURO,RUBEE,Rupee,D,20,D,C
1,3,What is the currency of India?,Bangalore,DELHI,LUCKNOW,MP,A,20,A,B
